hardware,batch,mode_id,status,gpu_count,lpu_count,pools,output_tps,ttft_s,tpot_ms,draft_prefix,reason
Vera-Rubin NV72 · 总GPU均分,1,all_gpu,feasible,72,0,main=72GPU,553.8440234170411,0.11210404731994696,1.7786275839191918,0,
Vera-Rubin NV72 · 总GPU均分,1,pd_gpu,feasible,72,0,prefill=36GPU; decode=36GPU,501.5558065751864,0.12103072859971477,1.9943838417968698,0,
Vera-Rubin NV72 · 总GPU均分,1,pd_draft_gpu,feasible,72,0,prefill=24GPU; decode=24GPU; draft=24GPU,1950.2613161025918,0.10670278865328031,0.580842647126282,5,
Vera-Rubin NV72 · 总GPU均分,1,pd_draft_lpu,infeasible,72,256,prefill=36GPU; decode=36GPU; draft=256LPU,,,,,"draft (groq-lpx3): requires 0.814 GiB/device, available 0.500 GiB/device"
Vera-Rubin NV72 · 总GPU均分,1,pafd_split_draft_lpu,infeasible,72,768,PA=36GPU; PF=256LPU; DA=36GPU; DF=256LPU; draft=256LPU,,,,,"PF (groq-lpx3): requires 23.641 GiB/device, available 0.500 GiB/device; DF (groq-lpx3): requires 3.648 GiB/device, available 0.500 GiB/device; draft (groq-lpx3): requires 0.814 GiB/device, available 0.500 GiB/device"
Vera-Rubin NV72 · 总GPU均分,1,prefill_gpu_decode_lpu,infeasible,72,768,PA=36GPU; PF=36GPU; DA=256LPU; DF=256LPU; draft=256LPU,,,,,"DA (groq-lpx3): requires 2.705 GiB/device, available 0.500 GiB/device; DF (groq-lpx3): requires 3.648 GiB/device, available 0.500 GiB/device; draft (groq-lpx3): requires 0.814 GiB/device, available 0.500 GiB/device"
Vera-Rubin NV72 · 每GPU池,1,all_gpu,feasible,72,0,main=72GPU,553.8440234170411,0.11210404731994696,1.7786275839191918,0,
Vera-Rubin NV72 · 每GPU池,1,pd_gpu,feasible,144,0,prefill=72GPU; decode=72GPU,562.3685415021902,0.11210404731994696,1.7787707326420246,0,
Vera-Rubin NV72 · 每GPU池,1,pd_draft_gpu,feasible,216,0,prefill=72GPU; decode=72GPU; draft=72GPU,1950.2613161025918,0.11210404731994696,0.580842647126282,5,
Vera-Rubin NV72 · 每GPU池,1,pd_draft_lpu,infeasible,144,256,prefill=72GPU; decode=72GPU; draft=256LPU,,,,,"draft (groq-lpx3): requires 0.814 GiB/device, available 0.500 GiB/device"
Vera-Rubin NV72 · 每GPU池,1,pafd_split_draft_lpu,infeasible,144,768,PA=72GPU; PF=256LPU; DA=72GPU; DF=256LPU; draft=256LPU,,,,,"PF (groq-lpx3): requires 23.641 GiB/device, available 0.500 GiB/device; DF (groq-lpx3): requires 3.648 GiB/device, available 0.500 GiB/device; draft (groq-lpx3): requires 0.814 GiB/device, available 0.500 GiB/device"
Vera-Rubin NV72 · 每GPU池,1,prefill_gpu_decode_lpu,infeasible,144,768,PA=72GPU; PF=72GPU; DA=256LPU; DF=256LPU; draft=256LPU,,,,,"DA (groq-lpx3): requires 2.705 GiB/device, available 0.500 GiB/device; DF (groq-lpx3): requires 3.648 GiB/device, available 0.500 GiB/device; draft (groq-lpx3): requires 0.814 GiB/device, available 0.500 GiB/device"
Vera-Rubin NV144 · 总GPU均分,1,all_gpu,feasible,144,0,main=144GPU,553.2379493192237,0.12020593531994699,1.7786275839191918,0,
Vera-Rubin NV144 · 总GPU均分,1,pd_gpu,feasible,144,0,prefill=72GPU; decode=72GPU,562.3685415021902,0.11210404731994696,1.7787707326420246,0,
Vera-Rubin NV144 · 总GPU均分,1,pd_draft_gpu,feasible,144,0,prefill=48GPU; decode=48GPU; draft=48GPU,1950.2613161025918,0.10940341798661363,0.580842647126282,5,
Vera-Rubin NV144 · 总GPU均分,1,pd_draft_lpu,infeasible,144,256,prefill=72GPU; decode=72GPU; draft=256LPU,,,,,"draft (groq-lpx3): requires 0.814 GiB/device, available 0.500 GiB/device"
Vera-Rubin NV144 · 总GPU均分,1,pafd_split_draft_lpu,infeasible,144,768,PA=72GPU; PF=256LPU; DA=72GPU; DF=256LPU; draft=256LPU,,,,,"PF (groq-lpx3): requires 23.641 GiB/device, available 0.500 GiB/device; DF (groq-lpx3): requires 3.648 GiB/device, available 0.500 GiB/device; draft (groq-lpx3): requires 0.814 GiB/device, available 0.500 GiB/device"
Vera-Rubin NV144 · 总GPU均分,1,prefill_gpu_decode_lpu,infeasible,144,768,PA=72GPU; PF=72GPU; DA=256LPU; DF=256LPU; draft=256LPU,,,,,"DA (groq-lpx3): requires 2.705 GiB/device, available 0.500 GiB/device; DF (groq-lpx3): requires 3.648 GiB/device, available 0.500 GiB/device; draft (groq-lpx3): requires 0.814 GiB/device, available 0.500 GiB/device"
Vera-Rubin NV144 · 每GPU池,1,all_gpu,feasible,144,0,main=144GPU,553.2379493192237,0.12020593531994699,1.7786275839191918,0,
Vera-Rubin NV144 · 每GPU池,1,pd_gpu,feasible,288,0,prefill=144GPU; decode=144GPU,562.3685415021902,0.12020593531994699,1.7787707326420246,0,
Vera-Rubin NV144 · 每GPU池,1,pd_draft_gpu,feasible,432,0,prefill=144GPU; decode=144GPU; draft=144GPU,1950.2613161025918,0.12020593531994699,0.580842647126282,5,
Vera-Rubin NV144 · 每GPU池,1,pd_draft_lpu,infeasible,288,256,prefill=144GPU; decode=144GPU; draft=256LPU,,,,,"draft (groq-lpx3): requires 0.814 GiB/device, available 0.500 GiB/device"
Vera-Rubin NV144 · 每GPU池,1,pafd_split_draft_lpu,infeasible,288,768,PA=144GPU; PF=256LPU; DA=144GPU; DF=256LPU; draft=256LPU,,,,,"PF (groq-lpx3): requires 23.641 GiB/device, available 0.500 GiB/device; DF (groq-lpx3): requires 3.648 GiB/device, available 0.500 GiB/device; draft (groq-lpx3): requires 0.814 GiB/device, available 0.500 GiB/device"
Vera-Rubin NV144 · 每GPU池,1,prefill_gpu_decode_lpu,infeasible,288,768,PA=144GPU; PF=144GPU; DA=256LPU; DF=256LPU; draft=256LPU,,,,,"DA (groq-lpx3): requires 2.705 GiB/device, available 0.500 GiB/device; DF (groq-lpx3): requires 3.648 GiB/device, available 0.500 GiB/device; draft (groq-lpx3): requires 0.814 GiB/device, available 0.500 GiB/device"
Vera-Rubin NV72 · 总GPU均分,4,all_gpu,feasible,72,0,main=72GPU,2215.3760936681642,0.11210404731994696,1.7786275839191918,0,
Vera-Rubin NV72 · 总GPU均分,4,pd_gpu,feasible,72,0,prefill=36GPU; decode=36GPU,2006.2232263007456,0.12103072859971477,1.994510652829837,0,
Vera-Rubin NV72 · 总GPU均分,4,pd_draft_gpu,feasible,72,0,prefill=24GPU; decode=24GPU; draft=24GPU,7423.225612011338,0.20841411306193702,0.615401154558593,5,
Vera-Rubin NV72 · 总GPU均分,4,pd_draft_lpu,infeasible,72,256,prefill=36GPU; decode=36GPU; draft=256LPU,,,,,"draft (groq-lpx3): requires 0.814 GiB/device, available 0.500 GiB/device"
Vera-Rubin NV72 · 总GPU均分,4,pafd_split_draft_lpu,infeasible,72,768,PA=36GPU; PF=256LPU; DA=36GPU; DF=256LPU; draft=256LPU,,,,,"PF (groq-lpx3): requires 23.641 GiB/device, available 0.500 GiB/device; DF (groq-lpx3): requires 3.648 GiB/device, available 0.500 GiB/device; draft (groq-lpx3): requires 0.814 GiB/device, available 0.500 GiB/device"
Vera-Rubin NV72 · 总GPU均分,4,prefill_gpu_decode_lpu,infeasible,72,768,PA=36GPU; PF=36GPU; DA=256LPU; DF=256LPU; draft=256LPU,,,,,"DA (groq-lpx3): requires 2.705 GiB/device, available 0.500 GiB/device; DF (groq-lpx3): requires 3.648 GiB/device, available 0.500 GiB/device; draft (groq-lpx3): requires 0.814 GiB/device, available 0.500 GiB/device"
Vera-Rubin NV72 · 每GPU池,4,all_gpu,feasible,72,0,main=72GPU,2215.3760936681642,0.11210404731994696,1.7786275839191918,0,
Vera-Rubin NV72 · 每GPU池,4,pd_gpu,feasible,144,0,prefill=72GPU; decode=72GPU,2249.4741660087607,0.11210404731994696,1.7790243546346984,0,
Vera-Rubin NV72 · 每GPU池,4,pd_draft_gpu,feasible,216,0,prefill=72GPU; decode=72GPU; draft=72GPU,7801.045264410367,0.11210404731994696,0.586737212019268,5,
Vera-Rubin NV72 · 每GPU池,4,pd_draft_lpu,infeasible,144,256,prefill=72GPU; decode=72GPU; draft=256LPU,,,,,"draft (groq-lpx3): requires 0.814 GiB/device, available 0.500 GiB/device"
Vera-Rubin NV72 · 每GPU池,4,pafd_split_draft_lpu,infeasible,144,768,PA=72GPU; PF=256LPU; DA=72GPU; DF=256LPU; draft=256LPU,,,,,"PF (groq-lpx3): requires 23.641 GiB/device, available 0.500 GiB/device; DF (groq-lpx3): requires 3.648 GiB/device, available 0.500 GiB/device; draft (groq-lpx3): requires 0.814 GiB/device, available 0.500 GiB/device"
Vera-Rubin NV72 · 每GPU池,4,prefill_gpu_decode_lpu,infeasible,144,768,PA=72GPU; PF=72GPU; DA=256LPU; DF=256LPU; draft=256LPU,,,,,"DA (groq-lpx3): requires 2.705 GiB/device, available 0.500 GiB/device; DF (groq-lpx3): requires 3.648 GiB/device, available 0.500 GiB/device; draft (groq-lpx3): requires 0.814 GiB/device, available 0.500 GiB/device"
Vera-Rubin NV144 · 总GPU均分,4,all_gpu,feasible,144,0,main=144GPU,2212.951797276895,0.12020593531994699,1.7786275839191918,0,
Vera-Rubin NV144 · 总GPU均分,4,pd_gpu,feasible,144,0,prefill=72GPU; decode=72GPU,2249.4741660087607,0.11210404731994696,1.7790243546346984,0,
Vera-Rubin NV144 · 总GPU均分,4,pd_draft_gpu,feasible,144,0,prefill=48GPU; decode=48GPU; draft=48GPU,7801.045264410367,0.10940341798661363,0.586737212019268,5,
Vera-Rubin NV144 · 总GPU均分,4,pd_draft_lpu,infeasible,144,256,prefill=72GPU; decode=72GPU; draft=256LPU,,,,,"draft (groq-lpx3): requires 0.814 GiB/device, available 0.500 GiB/device"
Vera-Rubin NV144 · 总GPU均分,4,pafd_split_draft_lpu,infeasible,144,768,PA=72GPU; PF=256LPU; DA=72GPU; DF=256LPU; draft=256LPU,,,,,"PF (groq-lpx3): requires 23.641 GiB/device, available 0.500 GiB/device; DF (groq-lpx3): requires 3.648 GiB/device, available 0.500 GiB/device; draft (groq-lpx3): requires 0.814 GiB/device, available 0.500 GiB/device"
Vera-Rubin NV144 · 总GPU均分,4,prefill_gpu_decode_lpu,infeasible,144,768,PA=72GPU; PF=72GPU; DA=256LPU; DF=256LPU; draft=256LPU,,,,,"DA (groq-lpx3): requires 2.705 GiB/device, available 0.500 GiB/device; DF (groq-lpx3): requires 3.648 GiB/device, available 0.500 GiB/device; draft (groq-lpx3): requires 0.814 GiB/device, available 0.500 GiB/device"
Vera-Rubin NV144 · 每GPU池,4,all_gpu,feasible,144,0,main=144GPU,2212.951797276895,0.12020593531994699,1.7786275839191918,0,
Vera-Rubin NV144 · 每GPU池,4,pd_gpu,feasible,288,0,prefill=144GPU; decode=144GPU,2249.4741660087607,0.12020593531994699,1.7790243546346984,0,
Vera-Rubin NV144 · 每GPU池,4,pd_draft_gpu,feasible,432,0,prefill=144GPU; decode=144GPU; draft=144GPU,7801.045264410367,0.12020593531994699,0.586737212019268,5,
Vera-Rubin NV144 · 每GPU池,4,pd_draft_lpu,infeasible,288,256,prefill=144GPU; decode=144GPU; draft=256LPU,,,,,"draft (groq-lpx3): requires 0.814 GiB/device, available 0.500 GiB/device"
Vera-Rubin NV144 · 每GPU池,4,pafd_split_draft_lpu,infeasible,288,768,PA=144GPU; PF=256LPU; DA=144GPU; DF=256LPU; draft=256LPU,,,,,"PF (groq-lpx3): requires 23.641 GiB/device, available 0.500 GiB/device; DF (groq-lpx3): requires 3.648 GiB/device, available 0.500 GiB/device; draft (groq-lpx3): requires 0.814 GiB/device, available 0.500 GiB/device"
Vera-Rubin NV144 · 每GPU池,4,prefill_gpu_decode_lpu,infeasible,288,768,PA=144GPU; PF=144GPU; DA=256LPU; DF=256LPU; draft=256LPU,,,,,"DA (groq-lpx3): requires 2.705 GiB/device, available 0.500 GiB/device; DF (groq-lpx3): requires 3.648 GiB/device, available 0.500 GiB/device; draft (groq-lpx3): requires 0.814 GiB/device, available 0.500 GiB/device"
Vera-Rubin NV72 · 总GPU均分,16,all_gpu,feasible,72,0,main=72GPU,8572.805528578525,0.2192166303952703,1.8132898567272728,0,
Vera-Rubin NV72 · 总GPU均分,16,pd_gpu,feasible,72,0,prefill=36GPU; decode=36GPU,7883.576398828345,0.2367861502618011,2.030766279022311,0,
Vera-Rubin NV72 · 总GPU均分,16,pd_draft_gpu,feasible,72,0,prefill=24GPU; decode=24GPU; draft=24GPU,24585.11224284199,0.6215055102481827,0.7704103451452842,5,
Vera-Rubin NV72 · 总GPU均分,16,pd_draft_lpu,infeasible,72,256,prefill=36GPU; decode=36GPU; draft=256LPU,,,,,"draft (groq-lpx3): requires 0.814 GiB/device, available 0.500 GiB/device"
Vera-Rubin NV72 · 总GPU均分,16,pafd_split_draft_lpu,infeasible,72,768,PA=36GPU; PF=256LPU; DA=36GPU; DF=256LPU; draft=256LPU,,,,,"PF (groq-lpx3): requires 23.641 GiB/device, available 0.500 GiB/device; DF (groq-lpx3): requires 3.648 GiB/device, available 0.500 GiB/device; draft (groq-lpx3): requires 0.814 GiB/device, available 0.500 GiB/device"
Vera-Rubin NV72 · 总GPU均分,16,prefill_gpu_decode_lpu,infeasible,72,768,PA=36GPU; PF=36GPU; DA=256LPU; DF=256LPU; draft=256LPU,,,,,"DA (groq-lpx3): requires 2.705 GiB/device, available 0.500 GiB/device; DF (groq-lpx3): requires 3.648 GiB/device, available 0.500 GiB/device; draft (groq-lpx3): requires 0.814 GiB/device, available 0.500 GiB/device"
Vera-Rubin NV72 · 每GPU池,16,all_gpu,feasible,72,0,main=72GPU,8572.805528578525,0.2192166303952703,1.8132898567272728,0,
Vera-Rubin NV72 · 每GPU池,16,pd_gpu,feasible,144,0,prefill=72GPU; decode=72GPU,8825.895730091355,0.2192166303952703,1.8147011154134756,0,
Vera-Rubin NV72 · 每GPU池,16,pd_draft_gpu,feasible,216,0,prefill=72GPU; decode=72GPU; draft=72GPU,29692.90244804535,0.2192166303952703,0.638979414130537,5,
Vera-Rubin NV72 · 每GPU池,16,pd_draft_lpu,infeasible,144,256,prefill=72GPU; decode=72GPU; draft=256LPU,,,,,"draft (groq-lpx3): requires 0.814 GiB/device, available 0.500 GiB/device"
Vera-Rubin NV72 · 每GPU池,16,pafd_split_draft_lpu,infeasible,144,768,PA=72GPU; PF=256LPU; DA=72GPU; DF=256LPU; draft=256LPU,,,,,"PF (groq-lpx3): requires 23.641 GiB/device, available 0.500 GiB/device; DF (groq-lpx3): requires 3.648 GiB/device, available 0.500 GiB/device; draft (groq-lpx3): requires 0.814 GiB/device, available 0.500 GiB/device"
Vera-Rubin NV72 · 每GPU池,16,prefill_gpu_decode_lpu,infeasible,144,768,PA=72GPU; PF=72GPU; DA=256LPU; DF=256LPU; draft=256LPU,,,,,"DA (groq-lpx3): requires 2.705 GiB/device, available 0.500 GiB/device; DF (groq-lpx3): requires 3.648 GiB/device, available 0.500 GiB/device; draft (groq-lpx3): requires 0.814 GiB/device, available 0.500 GiB/device"
Vera-Rubin NV144 · 总GPU均分,16,all_gpu,feasible,144,0,main=144GPU,8851.80718910758,0.12020593531994699,1.7786275839191918,0,
Vera-Rubin NV144 · 总GPU均分,16,pd_gpu,feasible,144,0,prefill=72GPU; decode=72GPU,8825.895730091355,0.2192166303952703,1.8147011154134756,0,
Vera-Rubin NV144 · 总GPU均分,16,pd_draft_gpu,feasible,144,0,prefill=48GPU; decode=48GPU; draft=48GPU,28302.15358373073,0.3193596397023556,0.669583772253476,5,
Vera-Rubin NV144 · 总GPU均分,16,pd_draft_lpu,infeasible,144,256,prefill=72GPU; decode=72GPU; draft=256LPU,,,,,"draft (groq-lpx3): requires 0.814 GiB/device, available 0.500 GiB/device"
Vera-Rubin NV144 · 总GPU均分,16,pafd_split_draft_lpu,infeasible,144,768,PA=72GPU; PF=256LPU; DA=72GPU; DF=256LPU; draft=256LPU,,,,,"PF (groq-lpx3): requires 23.641 GiB/device, available 0.500 GiB/device; DF (groq-lpx3): requires 3.648 GiB/device, available 0.500 GiB/device; draft (groq-lpx3): requires 0.814 GiB/device, available 0.500 GiB/device"
Vera-Rubin NV144 · 总GPU均分,16,prefill_gpu_decode_lpu,infeasible,144,768,PA=72GPU; PF=72GPU; DA=256LPU; DF=256LPU; draft=256LPU,,,,,"DA (groq-lpx3): requires 2.705 GiB/device, available 0.500 GiB/device; DF (groq-lpx3): requires 3.648 GiB/device, available 0.500 GiB/device; draft (groq-lpx3): requires 0.814 GiB/device, available 0.500 GiB/device"
Vera-Rubin NV144 · 每GPU池,16,all_gpu,feasible,144,0,main=144GPU,8851.80718910758,0.12020593531994699,1.7786275839191918,0,
Vera-Rubin NV144 · 每GPU池,16,pd_gpu,feasible,288,0,prefill=144GPU; decode=144GPU,8997.896664035043,0.12020593531994699,1.7800388426053946,0,
Vera-Rubin NV144 · 每GPU池,16,pd_draft_gpu,feasible,432,0,prefill=144GPU; decode=144GPU; draft=144GPU,31204.18105764147,0.12020593531994699,0.610315471591212,5,
Vera-Rubin NV144 · 每GPU池,16,pd_draft_lpu,infeasible,288,256,prefill=144GPU; decode=144GPU; draft=256LPU,,,,,"draft (groq-lpx3): requires 0.814 GiB/device, available 0.500 GiB/device"
Vera-Rubin NV144 · 每GPU池,16,pafd_split_draft_lpu,infeasible,288,768,PA=144GPU; PF=256LPU; DA=144GPU; DF=256LPU; draft=256LPU,,,,,"PF (groq-lpx3): requires 23.641 GiB/device, available 0.500 GiB/device; DF (groq-lpx3): requires 3.648 GiB/device, available 0.500 GiB/device; draft (groq-lpx3): requires 0.814 GiB/device, available 0.500 GiB/device"
Vera-Rubin NV144 · 每GPU池,16,prefill_gpu_decode_lpu,infeasible,288,768,PA=144GPU; PF=144GPU; DA=256LPU; DF=256LPU; draft=256LPU,,,,,"DA (groq-lpx3): requires 2.705 GiB/device, available 0.500 GiB/device; DF (groq-lpx3): requires 3.648 GiB/device, available 0.500 GiB/device; draft (groq-lpx3): requires 0.814 GiB/device, available 0.500 GiB/device"
Vera-Rubin NV72 · 总GPU均分,32,all_gpu,feasible,72,0,main=72GPU,16108.861842083974,0.4346964318529122,1.8808163543434344,0,
Vera-Rubin NV72 · 总GPU均分,32,pd_gpu,feasible,72,0,prefill=36GPU; decode=36GPU,15176.702488078712,0.47096886539164956,2.110421067561772,0,
Vera-Rubin NV72 · 总GPU均分,32,pd_draft_gpu,feasible,72,0,prefill=24GPU; decode=24GPU; draft=24GPU,40850.99716328543,1.137440546074847,0.9566666611686846,5,
Vera-Rubin NV72 · 总GPU均分,32,pd_draft_lpu,infeasible,72,256,prefill=36GPU; decode=36GPU; draft=256LPU,,,,,"draft (groq-lpx3): requires 0.814 GiB/device, available 0.500 GiB/device"
Vera-Rubin NV72 · 总GPU均分,32,pafd_split_draft_lpu,infeasible,72,768,PA=36GPU; PF=256LPU; DA=36GPU; DF=256LPU; draft=256LPU,,,,,"PF (groq-lpx3): requires 23.641 GiB/device, available 0.500 GiB/device; DF (groq-lpx3): requires 3.648 GiB/device, available 0.500 GiB/device; draft (groq-lpx3): requires 0.814 GiB/device, available 0.500 GiB/device"
Vera-Rubin NV72 · 总GPU均分,32,prefill_gpu_decode_lpu,infeasible,72,768,PA=36GPU; PF=36GPU; DA=256LPU; DF=256LPU; draft=256LPU,,,,,"DA (groq-lpx3): requires 2.705 GiB/device, available 0.500 GiB/device; DF (groq-lpx3): requires 3.648 GiB/device, available 0.500 GiB/device; draft (groq-lpx3): requires 0.814 GiB/device, available 0.500 GiB/device"
Vera-Rubin NV72 · 每GPU池,32,all_gpu,feasible,72,0,main=72GPU,16108.861842083974,0.4346964318529122,1.8808163543434344,0,
Vera-Rubin NV72 · 每GPU池,32,pd_gpu,feasible,144,0,prefill=72GPU; decode=72GPU,17018.043433053765,0.4346964318529122,1.8835802636572319,0,
Vera-Rubin NV72 · 每GPU池,32,pd_draft_gpu,feasible,216,0,prefill=72GPU; decode=72GPU; draft=72GPU,53543.29961350052,0.4346964318529122,0.7381523477561349,5,
Vera-Rubin NV72 · 每GPU池,32,pd_draft_lpu,infeasible,144,256,prefill=72GPU; decode=72GPU; draft=256LPU,,,,,"draft (groq-lpx3): requires 0.814 GiB/device, available 0.500 GiB/device"
Vera-Rubin NV72 · 每GPU池,32,pafd_split_draft_lpu,infeasible,144,768,PA=72GPU; PF=256LPU; DA=72GPU; DF=256LPU; draft=256LPU,,,,,"PF (groq-lpx3): requires 23.641 GiB/device, available 0.500 GiB/device; DF (groq-lpx3): requires 3.648 GiB/device, available 0.500 GiB/device; draft (groq-lpx3): requires 0.814 GiB/device, available 0.500 GiB/device"
Vera-Rubin NV72 · 每GPU池,32,prefill_gpu_decode_lpu,infeasible,144,768,PA=72GPU; PF=72GPU; DA=256LPU; DF=256LPU; draft=256LPU,,,,,"DA (groq-lpx3): requires 2.705 GiB/device, available 0.500 GiB/device; DF (groq-lpx3): requires 3.648 GiB/device, available 0.500 GiB/device; draft (groq-lpx3): requires 0.814 GiB/device, available 0.500 GiB/device"
Vera-Rubin NV144 · 总GPU均分,32,all_gpu,feasible,144,0,main=144GPU,17109.34564043834,0.23542040639527037,1.8132898567272728,0,
Vera-Rubin NV144 · 总GPU均分,32,pd_gpu,feasible,144,0,prefill=72GPU; decode=72GPU,17018.043433053765,0.4346964318529122,1.8835802636572319,0,
Vera-Rubin NV144 · 总GPU均分,32,pd_draft_gpu,feasible,144,0,prefill=48GPU; decode=48GPU; draft=48GPU,49170.22448568398,0.6377092862481825,0.801848024574543,5,
Vera-Rubin NV144 · 总GPU均分,32,pd_draft_lpu,infeasible,144,256,prefill=72GPU; decode=72GPU; draft=256LPU,,,,,"draft (groq-lpx3): requires 0.814 GiB/device, available 0.500 GiB/device"
Vera-Rubin NV144 · 总GPU均分,32,pafd_split_draft_lpu,infeasible,144,768,PA=72GPU; PF=256LPU; DA=72GPU; DF=256LPU; draft=256LPU,,,,,"PF (groq-lpx3): requires 23.641 GiB/device, available 0.500 GiB/device; DF (groq-lpx3): requires 3.648 GiB/device, available 0.500 GiB/device; draft (groq-lpx3): requires 0.814 GiB/device, available 0.500 GiB/device"
Vera-Rubin NV144 · 总GPU均分,32,prefill_gpu_decode_lpu,infeasible,144,768,PA=72GPU; PF=72GPU; DA=256LPU; DF=256LPU; draft=256LPU,,,,,"DA (groq-lpx3): requires 2.705 GiB/device, available 0.500 GiB/device; DF (groq-lpx3): requires 3.648 GiB/device, available 0.500 GiB/device; draft (groq-lpx3): requires 0.814 GiB/device, available 0.500 GiB/device"
Vera-Rubin NV144 · 每GPU池,32,all_gpu,feasible,144,0,main=144GPU,17109.34564043834,0.23542040639527037,1.8132898567272728,0,
Vera-Rubin NV144 · 每GPU池,32,pd_gpu,feasible,288,0,prefill=144GPU; decode=144GPU,17651.79146018271,0.23542040639527037,1.8160537660410703,0,
Vera-Rubin NV144 · 每GPU池,32,pd_draft_gpu,feasible,432,0,prefill=144GPU; decode=144GPU; draft=144GPU,59385.8048960907,0.23542040639527037,0.6704170935597957,5,
Vera-Rubin NV144 · 每GPU池,32,pd_draft_lpu,infeasible,288,256,prefill=144GPU; decode=144GPU; draft=256LPU,,,,,"draft (groq-lpx3): requires 0.814 GiB/device, available 0.500 GiB/device"
Vera-Rubin NV144 · 每GPU池,32,pafd_split_draft_lpu,infeasible,288,768,PA=144GPU; PF=256LPU; DA=144GPU; DF=256LPU; draft=256LPU,,,,,"PF (groq-lpx3): requires 23.641 GiB/device, available 0.500 GiB/device; DF (groq-lpx3): requires 3.648 GiB/device, available 0.500 GiB/device; draft (groq-lpx3): requires 0.814 GiB/device, available 0.500 GiB/device"
Vera-Rubin NV144 · 每GPU池,32,prefill_gpu_decode_lpu,infeasible,288,768,PA=144GPU; PF=144GPU; DA=256LPU; DF=256LPU; draft=256LPU,,,,,"DA (groq-lpx3): requires 2.705 GiB/device, available 0.500 GiB/device; DF (groq-lpx3): requires 3.648 GiB/device, available 0.500 GiB/device; draft (groq-lpx3): requires 0.814 GiB/device, available 0.500 GiB/device"
Vera-Rubin NV72 · 总GPU均分,64,all_gpu,feasible,72,0,main=72GPU,28435.82911870609,0.8693928637058244,2.0389253595959596,0,
Vera-Rubin NV72 · 总GPU均分,64,pd_gpu,feasible,72,0,prefill=36GPU; decode=36GPU,28486.42673653475,0.9419377307832991,2.249996580155844,0,
Vera-Rubin NV72 · 总GPU均分,64,pd_draft_gpu,feasible,72,0,prefill=24GPU; decode=24GPU; draft=24GPU,58591.54819596358,2.273871098993165,1.40828426880555,4,
Vera-Rubin NV72 · 总GPU均分,64,pd_draft_lpu,infeasible,72,256,prefill=36GPU; decode=36GPU; draft=256LPU,,,,,"draft (groq-lpx3): requires 0.824 GiB/device, available 0.500 GiB/device"
Vera-Rubin NV72 · 总GPU均分,64,pafd_split_draft_lpu,infeasible,72,768,PA=36GPU; PF=256LPU; DA=36GPU; DF=256LPU; draft=256LPU,,,,,"PF (groq-lpx3): requires 43.641 GiB/device, available 0.500 GiB/device; DF (groq-lpx3): requires 3.656 GiB/device, available 0.500 GiB/device; draft (groq-lpx3): requires 0.824 GiB/device, available 0.500 GiB/device"
Vera-Rubin NV72 · 总GPU均分,64,prefill_gpu_decode_lpu,infeasible,72,768,PA=36GPU; PF=36GPU; DA=256LPU; DF=256LPU; draft=256LPU,,,,,"DA (groq-lpx3): requires 2.728 GiB/device, available 0.500 GiB/device; DF (groq-lpx3): requires 3.656 GiB/device, available 0.500 GiB/device; draft (groq-lpx3): requires 0.824 GiB/device, available 0.500 GiB/device"
Vera-Rubin NV72 · 每GPU池,64,all_gpu,feasible,72,0,main=72GPU,28435.82911870609,0.8693928637058244,2.0389253595959596,0,
Vera-Rubin NV72 · 每GPU池,64,pd_gpu,feasible,144,0,prefill=72GPU; decode=72GPU,31396.749525109823,0.8693928637058244,2.044394570164946,0,
Vera-Rubin NV72 · 每GPU池,64,pd_draft_gpu,feasible,216,0,prefill=72GPU; decode=72GPU; draft=72GPU,90805.48148807792,0.8693928637058244,0.9273440448510119,5,
Vera-Rubin NV72 · 每GPU池,64,pd_draft_lpu,infeasible,144,256,prefill=72GPU; decode=72GPU; draft=256LPU,,,,,"draft (groq-lpx3): requires 0.824 GiB/device, available 0.500 GiB/device"
Vera-Rubin NV72 · 每GPU池,64,pafd_split_draft_lpu,infeasible,144,768,PA=72GPU; PF=256LPU; DA=72GPU; DF=256LPU; draft=256LPU,,,,,"PF (groq-lpx3): requires 43.641 GiB/device, available 0.500 GiB/device; DF (groq-lpx3): requires 3.656 GiB/device, available 0.500 GiB/device; draft (groq-lpx3): requires 0.824 GiB/device, available 0.500 GiB/device"
Vera-Rubin NV72 · 每GPU池,64,prefill_gpu_decode_lpu,infeasible,144,768,PA=72GPU; PF=72GPU; DA=256LPU; DF=256LPU; draft=256LPU,,,,,"DA (groq-lpx3): requires 2.728 GiB/device, available 0.500 GiB/device; DF (groq-lpx3): requires 3.656 GiB/device, available 0.500 GiB/device; draft (groq-lpx3): requires 0.824 GiB/device, available 0.500 GiB/device"
Vera-Rubin NV144 · 总GPU均分,64,all_gpu,feasible,144,0,main=144GPU,32089.912256301028,0.4671039838529123,1.8808163543434346,0,
Vera-Rubin NV144 · 总GPU均分,64,pd_gpu,feasible,144,0,prefill=72GPU; decode=72GPU,31396.749525109823,0.8693928637058244,2.044394570164946,0,
Vera-Rubin NV144 · 总GPU均分,64,pd_draft_gpu,feasible,144,0,prefill=48GPU; decode=48GPU; draft=48GPU,81701.99432657086,1.1671474687415133,1.0195420200272018,5,
Vera-Rubin NV144 · 总GPU均分,64,pd_draft_lpu,infeasible,144,256,prefill=72GPU; decode=72GPU; draft=256LPU,,,,,"draft (groq-lpx3): requires 0.824 GiB/device, available 0.500 GiB/device"
Vera-Rubin NV144 · 总GPU均分,64,pafd_split_draft_lpu,infeasible,144,768,PA=72GPU; PF=256LPU; DA=72GPU; DF=256LPU; draft=256LPU,,,,,"PF (groq-lpx3): requires 43.641 GiB/device, available 0.500 GiB/device; DF (groq-lpx3): requires 3.656 GiB/device, available 0.500 GiB/device; draft (groq-lpx3): requires 0.824 GiB/device, available 0.500 GiB/device"
Vera-Rubin NV144 · 总GPU均分,64,prefill_gpu_decode_lpu,infeasible,144,768,PA=72GPU; PF=72GPU; DA=256LPU; DF=256LPU; draft=256LPU,,,,,"DA (groq-lpx3): requires 2.728 GiB/device, available 0.500 GiB/device; DF (groq-lpx3): requires 3.656 GiB/device, available 0.500 GiB/device; draft (groq-lpx3): requires 0.824 GiB/device, available 0.500 GiB/device"
Vera-Rubin NV144 · 每GPU池,64,all_gpu,feasible,144,0,main=144GPU,32089.912256301028,0.4671039838529123,1.8808163543434346,0,
Vera-Rubin NV144 · 每GPU池,64,pd_gpu,feasible,288,0,prefill=144GPU; decode=144GPU,34036.08686610753,0.4671039838529123,1.886285564912421,0,
Vera-Rubin NV144 · 每GPU池,64,pd_draft_gpu,feasible,432,0,prefill=144GPU; decode=144GPU; draft=144GPU,107086.59922700105,0.4671039838529123,0.8010277066146524,5,
Vera-Rubin NV144 · 每GPU池,64,pd_draft_lpu,infeasible,288,256,prefill=144GPU; decode=144GPU; draft=256LPU,,,,,"draft (groq-lpx3): requires 0.824 GiB/device, available 0.500 GiB/device"
Vera-Rubin NV144 · 每GPU池,64,pafd_split_draft_lpu,infeasible,288,768,PA=144GPU; PF=256LPU; DA=144GPU; DF=256LPU; draft=256LPU,,,,,"PF (groq-lpx3): requires 43.641 GiB/device, available 0.500 GiB/device; DF (groq-lpx3): requires 3.656 GiB/device, available 0.500 GiB/device; draft (groq-lpx3): requires 0.824 GiB/device, available 0.500 GiB/device"
Vera-Rubin NV144 · 每GPU池,64,prefill_gpu_decode_lpu,infeasible,288,768,PA=144GPU; PF=144GPU; DA=256LPU; DF=256LPU; draft=256LPU,,,,,"DA (groq-lpx3): requires 2.728 GiB/device, available 0.500 GiB/device; DF (groq-lpx3): requires 3.656 GiB/device, available 0.500 GiB/device; draft (groq-lpx3): requires 0.824 GiB/device, available 0.500 GiB/device"
Vera-Rubin NV72 · 总GPU均分,128,all_gpu,feasible,72,0,main=72GPU,47493.862827626945,1.631550823261092,2.2973180878383843,0,
Vera-Rubin NV72 · 总GPU均分,128,pd_gpu,feasible,72,0,prefill=36GPU; decode=36GPU,50960.48287541365,1.7674820786473573,2.517832722192474,0,
Vera-Rubin NV72 · 总GPU均分,128,pd_draft_gpu,feasible,72,0,prefill=24GPU; decode=24GPU; draft=24GPU,75265.41964524511,4.442171723564812,2.268395445132606,4,
Vera-Rubin NV72 · 总GPU均分,128,pd_draft_lpu,infeasible,72,256,prefill=36GPU; decode=36GPU; draft=256LPU,,,,,"draft (groq-lpx3): requires 0.845 GiB/device, available 0.500 GiB/device"
Vera-Rubin NV72 · 总GPU均分,128,pafd_split_draft_lpu,infeasible,72,768,PA=36GPU; PF=256LPU; DA=36GPU; DF=256LPU; draft=256LPU,,,,,"PF (groq-lpx3): requires 83.641 GiB/device, available 0.500 GiB/device; DF (groq-lpx3): requires 3.670 GiB/device, available 0.500 GiB/device; draft (groq-lpx3): requires 0.845 GiB/device, available 0.500 GiB/device"
Vera-Rubin NV72 · 总GPU均分,128,prefill_gpu_decode_lpu,infeasible,72,768,PA=36GPU; PF=36GPU; DA=256LPU; DF=256LPU; draft=256LPU,,,,,"DA (groq-lpx3): requires 2.773 GiB/device, available 0.500 GiB/device; DF (groq-lpx3): requires 3.670 GiB/device, available 0.500 GiB/device; draft (groq-lpx3): requires 0.845 GiB/device, available 0.500 GiB/device"
Vera-Rubin NV72 · 每GPU池,128,all_gpu,feasible,72,0,main=72GPU,47493.862827626945,1.631550823261092,2.2973180878383843,0,
Vera-Rubin NV72 · 每GPU池,128,pd_gpu,feasible,144,0,prefill=72GPU; decode=72GPU,55730.74895855023,1.631550823261092,2.308197900917749,0,
Vera-Rubin NV72 · 每GPU池,128,pd_draft_gpu,feasible,216,0,prefill=72GPU; decode=72GPU; draft=72GPU,143073.6356774217,1.631550823261092,1.2796811211162573,5,
Vera-Rubin NV72 · 每GPU池,128,pd_draft_lpu,infeasible,144,256,prefill=72GPU; decode=72GPU; draft=256LPU,,,,,"draft (groq-lpx3): requires 0.845 GiB/device, available 0.500 GiB/device"
Vera-Rubin NV72 · 每GPU池,128,pafd_split_draft_lpu,infeasible,144,768,PA=72GPU; PF=256LPU; DA=72GPU; DF=256LPU; draft=256LPU,,,,,"PF (groq-lpx3): requires 83.641 GiB/device, available 0.500 GiB/device; DF (groq-lpx3): requires 3.670 GiB/device, available 0.500 GiB/device; draft (groq-lpx3): requires 0.845 GiB/device, available 0.500 GiB/device"
Vera-Rubin NV72 · 每GPU池,128,prefill_gpu_decode_lpu,infeasible,144,768,PA=72GPU; PF=72GPU; DA=256LPU; DF=256LPU; draft=256LPU,,,,,"DA (groq-lpx3): requires 2.773 GiB/device, available 0.500 GiB/device; DF (groq-lpx3): requires 3.670 GiB/device, available 0.500 GiB/device; draft (groq-lpx3): requires 0.845 GiB/device, available 0.500 GiB/device"
Vera-Rubin NV144 · 总GPU均分,128,all_gpu,feasible,144,0,main=144GPU,56474.59895666744,0.9342079677058246,2.0389253595959596,0,
Vera-Rubin NV144 · 总GPU均分,128,pd_gpu,feasible,144,0,prefill=72GPU; decode=72GPU,55730.74895855023,1.631550823261092,2.308197900917749,0,
Vera-Rubin NV144 · 总GPU均分,128,pd_draft_gpu,feasible,144,0,prefill=48GPU; decode=48GPU; draft=48GPU,117183.09639192716,2.333284944326498,1.5457406225795238,4,
Vera-Rubin NV144 · 总GPU均分,128,pd_draft_lpu,infeasible,144,256,prefill=72GPU; decode=72GPU; draft=256LPU,,,,,"draft (groq-lpx3): requires 0.845 GiB/device, available 0.500 GiB/device"
Vera-Rubin NV144 · 总GPU均分,128,pafd_split_draft_lpu,infeasible,144,768,PA=72GPU; PF=256LPU; DA=72GPU; DF=256LPU; draft=256LPU,,,,,"PF (groq-lpx3): requires 83.641 GiB/device, available 0.500 GiB/device; DF (groq-lpx3): requires 3.670 GiB/device, available 0.500 GiB/device; draft (groq-lpx3): requires 0.845 GiB/device, available 0.500 GiB/device"
Vera-Rubin NV144 · 总GPU均分,128,prefill_gpu_decode_lpu,infeasible,144,768,PA=72GPU; PF=72GPU; DA=256LPU; DF=256LPU; draft=256LPU,,,,,"DA (groq-lpx3): requires 2.773 GiB/device, available 0.500 GiB/device; DF (groq-lpx3): requires 3.670 GiB/device, available 0.500 GiB/device; draft (groq-lpx3): requires 0.845 GiB/device, available 0.500 GiB/device"
Vera-Rubin NV144 · 每GPU池,128,all_gpu,feasible,144,0,main=144GPU,56474.59895666744,0.9342079677058246,2.0389253595959596,0,
Vera-Rubin NV144 · 每GPU池,128,pd_gpu,feasible,288,0,prefill=144GPU; decode=144GPU,62793.499050219645,0.9342079677058246,2.049805172675324,0,
Vera-Rubin NV144 · 每GPU池,128,pd_draft_gpu,feasible,432,0,prefill=144GPU; decode=144GPU; draft=144GPU,181610.96297615583,0.9342079677058246,1.0530947625680467,5,
Vera-Rubin NV144 · 每GPU池,128,pd_draft_lpu,infeasible,288,256,prefill=144GPU; decode=144GPU; draft=256LPU,,,,,"draft (groq-lpx3): requires 0.845 GiB/device, available 0.500 GiB/device"
Vera-Rubin NV144 · 每GPU池,128,pafd_split_draft_lpu,infeasible,288,768,PA=144GPU; PF=256LPU; DA=144GPU; DF=256LPU; draft=256LPU,,,,,"PF (groq-lpx3): requires 83.641 GiB/device, available 0.500 GiB/device; DF (groq-lpx3): requires 3.670 GiB/device, available 0.500 GiB/device; draft (groq-lpx3): requires 0.845 GiB/device, available 0.500 GiB/device"
Vera-Rubin NV144 · 每GPU池,128,prefill_gpu_decode_lpu,infeasible,288,768,PA=144GPU; PF=144GPU; DA=256LPU; DF=256LPU; draft=256LPU,,,,,"DA (groq-lpx3): requires 2.773 GiB/device, available 0.500 GiB/device; DF (groq-lpx3): requires 3.670 GiB/device, available 0.500 GiB/device; draft (groq-lpx3): requires 0.845 GiB/device, available 0.500 GiB/device"
